<?xml version="1.0" encoding="UTF-8"?>
<Script Id="script:ba226b03-c77b-11e4-a4a2-a2ce6377bce9" Name="GetRowsPerWorksheet" xmlns="http://soa.com/capabilities/service/scripting"><Language>js</Language><Import>script:1421ede7-c77b-11e4-a4a2-a2ce6377bce9</Import><Import>script:ea3f9385-c77a-11e4-a4a2-a2ce6377bce9</Import><Source>// *************************************************************
// *************************************************************
// **
// **  Gets the list of Rows in a worksheet. The Trello List ID
// **  is passed into the function. Iterates through the list
// **  calling a create Trello Card script for every Row in the 
// **	 Worksheet
// **
// *************************************************************
// *************************************************************
importPackage(com.soa.json.xml.script);
function getWorksheetRows(TrelloListKey,wsKey,ssKey) {
	auditLog.debug("started getWorksheetRows");
	var status = "true";
	//Create new message for invoke
	var RowsMessage = msgFactory.create();
	var exchange = msgrService.createExchangeFactory().createInOut();
			
	exchange.setServiceName(String(TrelloIntAPI.Services.SheetsHook.serviceName));
	auditLog.debug("serviceName is: "+String(TrelloIntAPI.Services.SheetsHook.serviceName));
	exchange.setInterfaceName(String(TrelloIntAPI.Services.SheetsHook.interfaceName));
	auditLog.debug("interfaceName is: "+String(TrelloIntAPI.Services.SheetsHook.interfaceName));	exchange.setOperationName(String(TrelloIntAPI.Services.SheetsHook.operations.getRows));
	auditLog.debug("operation is: "+String(TrelloIntAPI.Services.SheetsHook.operations.getRows));
	auditLog.debug("key is: "+ssKey.replace("\"", ''));
	auditLog.debug("worksheetId is: "+wsKey.replace("\"", ''));
			
	//Set the URL 'id' Property
	var paraprop = new java.util.HashMap();
	paraprop.put("key", encodeURIComponent(ssKey.replace("\"", '')));
	paraprop.put("worksheetId", encodeURIComponent(wsKey.replace("\"", '')));
	paraprop.put("visibility", "private");
	paraprop.put("protection", "full");
	RowsMessage.setProperty(TrelloIntAPI.MessageProperties.HTTP_PATH_PARAMS, paraprop);
	
		
		exchange.setInMessage(RowsMessage);
		auditLog.debug("just about to send the request");
		msgrService.getMessenger().send(exchange);
		auditLog.debug("just about to get the response");
		var response = exchange.getOutMessage();
		auditLog.debug("just about to check the response");
		if (null == response) {
			auditLog.debug("just about to get the fault");	
		   response = exchange.getFaultMessage();
		};
		
		auditLog.debug("just about to manipulate the response");	
		if (null != response) {
			auditLog.debug("getRows response was: "+response.getContentAsString());
			var work = String(response.getProperty(TrelloIntAPI.MessageProperties.HTTP_STATUS_CODE));
			if (work &amp;&amp; work.length &gt; 0 &amp;&amp; null != work) {
				var rc = Number(work);
				if (rc == 200) {
					//Get content from output message
					var converter = XML2JSON.converter();
					var JSONString = converter.convert(response.getContentAsString());
					var atom = JSON.parse(JSONString);
					if (null != atom) {
						auditLog.debug("Google Sheets Row response was: "+JSON.stringify(atom));
						var index = 0;
						var loop = true;
						var result = "true";
						
						while (loop){
							try {
								if(atom.entry[index] != undefined) {
									result = createCard(JSON.stringify(atom.entry[index].title['#text']).replace(/["]+/g, ''),TrelloListKey);
									auditLog.debug("create card from many result was: "+result);
								} else {
									if(atom.entry != undefined) {
										result = createCard(JSON.stringify(atom.entry.title['#text']).replace(/["]+/g, ''),TrelloListKey);
										auditLog.debug("create card from one result was: "+result);
									} else { 
										result = "false";
									}
								}
							}
							catch (e) {
								systemLog.error(String(e));
								auditLog.error(String(e));
								result = "false";
							};	
									
							if (result == "false"){
								auditLog.debug("completed the get Card request with an error");
								loop = false;
							};
							
							index = ++index;
							if (atom.entry[index] == undefined){
								loop = false;
							}
						};
					} else {
						error = "Get Rows did not return a value";
						status = "false";
					}
				} else {
					error = "Get Rows Server returned an error. Status="+String(rc);
					status = "false";
				}
			} else {
				error = "Get Rows Server response has no HTTP status";
				status = "false";
			}
		} else {
			error = "No response received from Google Sheets";
			status = "false";
		};
	auditLog.debug("finished getWorksheetRows");
	return status;
}
</Source></Script>