<?xml version="1.0" encoding="UTF-8"?>
<ActivityGraph xmlns="http://soa.com/uri/products/activity/graph/xsd/1.0"><PositionElements><Position ActivityName="CreateMessage"><XPosition>90</XPosition><YPosition>100</YPosition></Position><Position ActivityName="CreateTrelloBoard"><XPosition>220</XPosition><YPosition>100</YPosition></Position><Position ActivityName="CreateSpreadsheetQuery"><XPosition>350</XPosition><YPosition>100</YPosition></Position><Position ActivityName="GetSpreadsheetId"><XPosition>480</XPosition><YPosition>100</YPosition></Position><Position ActivityName="CreateWorksheetQuery"><XPosition>600</XPosition><YPosition>100</YPosition></Position><Position ActivityName="GetWorksheetDetails"><XPosition>730</XPosition><YPosition>100</YPosition></Position><Position ActivityName="ProcessWorksheets"><XPosition>850</XPosition><YPosition>100</YPosition></Position></PositionElements></ActivityGraph>