<?xml version="1.0" encoding="UTF-8"?>
<process name="IterateThoughBoards" ns11:description="" ns11:name="IterateThoughSpreadsheet" ns11:orgKey="uddi:e2ba06f9-c779-11e4-a4a2-a2ce6377bce9" ns2:processKey="bpel:053a1ec8-c77a-11e4-a4a2-a2ce6377bce9" targetNamespace="http://soa.com/processs" xmlns="http://schemas.xmlsoap.org/ws/2003/03/business-process/" xmlns:ns10="http://soa.com/capabilities/service/virtualization/bpel/activity" xmlns:ns11="http://soa.com/bpel/export" xmlns:ns2="http://soa.com/bpel/ext" xmlns:ns3="http://soa.com/capabilities/service/virtualization/bpel" xmlns:ns4="http://schemas.xmlsoap.org/ws/2006/02/addressingidentity" xmlns:ns5="http://www.w3.org/2000/09/xmldsig#" xmlns:ns6="http://docs.oasis-open.org/wss/2004/01/oasis-200401-wss-wssecurity-secext-1.0.xsd" xmlns:ns7="http://docs.oasis-open.org/wss/2004/01/oasis-200401-wss-wssecurity-utility-1.0.xsd" xmlns:ns8="http://schemas.xmlsoap.org/ws/2004/09/mex" xmlns:ns9="http://schemas.xmlsoap.org/ws/2003/05/partner-link/"><ns9:partnerLinkType name="ActivityPortTypeConsumer"><ns9:role name="Consumer"><ns9:portType name="ns10:ActivityPortType"/></ns9:role></ns9:partnerLinkType><ns10:Activities><ns10:Activity ActivityType="ns12:ScriptedActivity" LastUpdated="1426222843992" Name="CreateMessage" xmlns:ns12="http://soa.com/uri/products/activity/script/xsd/1.0"><ns2:ScriptedActivity xmlns="http://soa.com/uri/products/activity/audit/xsd/1.0" xmlns:ns11="http://soa.com/uri/products/activity/script/xsd/1.0" xmlns:ns2="http://soa.com/uri/products/activity/script/xsd/1.0" xmlns:ns3="http://soa.com/uri/products/activity/stripxml/xsd/1.0" xmlns:ns4="http://soa.com/uri/products/activity/xform/xsd/1.0" xmlns:ns5="http://soa.com/uri/products/activity/process/xsd/1.0" xmlns:ns6="http://soa.com/uri/products/activity/insertxml/xsd/1.0" xmlns:ns7="http://soa.com/uri/products/activity/insertcontent/xsd/1.0"><ns11:Language>js</ns11:Language><ns11:Script>// *************************************************************
// *************************************************************
// **
// **  Calls the Trello API hook to create a Board with the name 
// **  of the spreadsheet entered by the caller
// **
// *************************************************************
// *************************************************************
auditLog.debug("Start Config Trello Board Create");

//Get current message
var msg = processContext.getVariable("message");


//Get request body
var msgJSON = JSON.parse(msg.getContentAsString());
var request = JSON.stringify(msgJSON);

auditLog.debug("request is: " +  request);
var name = msgJSON.name.toString();
processContext.setVariable("SpreadsheetName",name)

//Create new message for invoke
var BoardMsg = msgFactory.create();

//Set the URL query
var newQueryString = "name="+name;
BoardMsg.setProperty("com.soa.message.TRANSPORT_QUERY", newQueryString.toString());

processContext.setVariable("BoardMessage", BoardMsg);

auditLog.debug("Done Configuring Trello Board Create");
</ns11:Script><ns11:Import>script:ea3f9385-c77a-11e4-a4a2-a2ce6377bce9</ns11:Import></ns2:ScriptedActivity></ns10:Activity><ns10:Activity ActivityType="ns12:ScriptedActivity" LastUpdated="1426222843992" Name="CreateSpreadsheetQuery" xmlns:ns12="http://soa.com/uri/products/activity/script/xsd/1.0"><ns2:ScriptedActivity xmlns="http://soa.com/uri/products/activity/audit/xsd/1.0" xmlns:ns11="http://soa.com/uri/products/activity/script/xsd/1.0" xmlns:ns2="http://soa.com/uri/products/activity/script/xsd/1.0" xmlns:ns3="http://soa.com/uri/products/activity/stripxml/xsd/1.0" xmlns:ns4="http://soa.com/uri/products/activity/xform/xsd/1.0" xmlns:ns5="http://soa.com/uri/products/activity/process/xsd/1.0" xmlns:ns6="http://soa.com/uri/products/activity/insertxml/xsd/1.0" xmlns:ns7="http://soa.com/uri/products/activity/insertcontent/xsd/1.0"><ns11:Language>js</ns11:Language><ns11:Script>// *************************************************************
// *************************************************************
// **
// **  HTTP request configuration Script
// **
// **  Creates the Message Object to be used by the Google Drive Hook
// **	 to look for a spreadsheet called the name passsed in
// **
// *************************************************************
// *************************************************************
auditLog.debug("Start Config Google spreadsheet query");

var msg = processContext.getVariable("BoardMessageResponse");

auditLog.debug("processing the Trello Board Create result");

var msgJSON = JSON.parse(msg.getContentAsString());

if (msgJSON.id != undefined) {
	auditLog.debug("the id was = " + msgJSON.id);
	var entryID = msgJSON.id.toString();
	processContext.setVariable("TrelloBoardId", entryID);
	var IDlgth = 0;
	
	auditLog.debug("creating the Google worksheet request");
	var spreadsheetRequest = msgFactory.create();

	//set the visability and protection URL parms
	var paraprop = new java.util.HashMap();
	var query = "title = '"+processContext.getVariable("SpreadsheetName")+"'";
	paraprop.put("q", query.toString());
	spreadsheetRequest.setProperty("http.binding.path.params", paraprop);
	
	processContext.setVariable("SpreadsheetRequest", spreadsheetRequest);
}
else {
	processContext.setVariable("TrelloBoardId", "0");
}

auditLog.debug("Done Config Google spreadsheet query");</ns11:Script></ns2:ScriptedActivity></ns10:Activity><ns10:Activity ActivityType="ns12:ScriptedActivity" LastUpdated="1426222843992" Name="CreateWorksheetQuery" xmlns:ns12="http://soa.com/uri/products/activity/script/xsd/1.0"><ns2:ScriptedActivity xmlns="http://soa.com/uri/products/activity/audit/xsd/1.0" xmlns:ns11="http://soa.com/uri/products/activity/script/xsd/1.0" xmlns:ns2="http://soa.com/uri/products/activity/script/xsd/1.0" xmlns:ns3="http://soa.com/uri/products/activity/stripxml/xsd/1.0" xmlns:ns4="http://soa.com/uri/products/activity/xform/xsd/1.0" xmlns:ns5="http://soa.com/uri/products/activity/process/xsd/1.0" xmlns:ns6="http://soa.com/uri/products/activity/insertxml/xsd/1.0" xmlns:ns7="http://soa.com/uri/products/activity/insertcontent/xsd/1.0"><ns11:Language>js</ns11:Language><ns11:Script>// *************************************************************
// *************************************************************
// **
// **  process the response of the HTTP request Script
// **
// **  Then call list for Worksheets based on the result
// **
// *************************************************************
// *************************************************************
var msg = processContext.getVariable("SpreadsheetResponse");

auditLog.debug("processing the Google Spreadsheet detail result");

var msgJSON = JSON.parse(msg.getContentAsString());

if (msgJSON.items[0] != undefined) {
	auditLog.debug("the id was = " + msgJSON.items[0].id);
	var entryID = msgJSON.items[0].id.toString();
	processContext.setVariable("SpreadsheetKey", entryID);
	var IDlgth = 0;
	var worksheetRequest = msgFactory.create();

	//set the visability and protection URL parms
	var paraprop = new java.util.HashMap();
	paraprop.put("key", entryID);
	paraprop.put("visibility", "private");
	paraprop.put("protection", "full");
	worksheetRequest.setProperty("http.binding.path.params", paraprop);
	
	processContext.setVariable("WorksheetRequest", worksheetRequest);
}
else {
	processContext.setVariable("SpreadsheetKey", "0");
}

auditLog.debug("finished processing the Google Spreadsheet detail result");</ns11:Script></ns2:ScriptedActivity></ns10:Activity><ns10:Activity ActivityType="ns12:ScriptedActivity" LastUpdated="1426222843993" Name="ProcessWorksheets" xmlns:ns12="http://soa.com/uri/products/activity/script/xsd/1.0"><ns2:ScriptedActivity xmlns="http://soa.com/uri/products/activity/audit/xsd/1.0" xmlns:ns11="http://soa.com/uri/products/activity/script/xsd/1.0" xmlns:ns2="http://soa.com/uri/products/activity/script/xsd/1.0" xmlns:ns3="http://soa.com/uri/products/activity/stripxml/xsd/1.0" xmlns:ns4="http://soa.com/uri/products/activity/xform/xsd/1.0" xmlns:ns5="http://soa.com/uri/products/activity/process/xsd/1.0" xmlns:ns6="http://soa.com/uri/products/activity/insertxml/xsd/1.0" xmlns:ns7="http://soa.com/uri/products/activity/insertcontent/xsd/1.0"><ns11:Language>js</ns11:Language><ns11:Script>// *************************************************************
// *************************************************************
// **
// **  Calls the Trello API hook to ge teh list of Boards
// **  then iterates throught them, calling the iterative script
// **  that queries the Lists for the Board which, in turn,
// **  iterates through the cards in each list.
// **	 So for every Board found a new Google Drive Spreadsheet
// **  is created, with a workseet representing every list on the board
// **  and every row in a worksheet reperesenting each card in the List
// **
// *************************************************************
// *************************************************************
importPackage(com.soa.json.xml.script);
auditLog.debug("processing the get Worksheets request");

var worksheetResponse = processContext.getVariable("WorksheetResponse");
auditLog.debug("the result was = " + worksheetResponse.getContentAsString());

//Get content from output message
var converter = XML2JSON.converter();
var JSONString = converter.convert(worksheetResponse.getContentAsString());
var work = JSON.parse(JSONString);

auditLog.debug("List worksheets converted response was: "+JSON.stringify(work));

if (null != work) {
	var index = 0;
	var loop = true;
	var result = "true";
	
	result = removeDefaultLists(processContext.getVariable("TrelloBoardId"));
	
	if (result != "false") { 
		while (loop){
			var listName = JSON.stringify(work.entry[index].title['#text']).replace(/["]+/g, '');
			try {
				auditLog.debug("Trello List name is: " + listName);
				auditLog.debug("Trello Board ID is: " + processContext.getVariable("TrelloBoardId"));
			result = createTrelloList(listName,processContext.getVariable("TrelloBoardId"));
				auditLog.debug("Result of calling createTrelloList is: " + result);
				result = getWorksheetRows(processContext.getVariable("TrelloListKey"),work.entry[index].id.substring(107),processContext.getVariable("SpreadsheetKey"));
				auditLog.debug("Result of calling getWorksheetRows is: " + result);
			}
			catch (e) {
				systemLog.error(String(e));
				auditLog.error(String(e));
				result = "false";
			};
					
			if (result == "false"){
				auditLog.debug("completed the ProcessWorksheets with an error");
				loop = false;
			};
			
			auditLog.debug("Trello List name is: "+listName);
			index = ++index;
			if (!work.entry[index]){
				loop = false;
			}
		}
	}
};

auditLog.debug("completed the get Worksheets request");</ns11:Script><ns11:Import>script:5ae21c56-c77b-11e4-a4a2-a2ce6377bce9</ns11:Import><ns11:Import>script:ba226b03-c77b-11e4-a4a2-a2ce6377bce9</ns11:Import><ns11:Import>script:5ff96645-c90f-11e4-8d2b-ed837cbe1869</ns11:Import></ns2:ScriptedActivity></ns10:Activity></ns10:Activities><ns9:partnerLinkType name="Trello_PortTypeConsumer"><ns9:role name="Consumer"><ns9:portType name="ns12:Trello_PortType" xmlns:ns12="https://api.trello.com/1"/></ns9:role></ns9:partnerLinkType><ns9:partnerLinkType name="Google_Sheets_API_PortTypeConsumer"><ns9:role name="Consumer"><ns9:portType name="ns12:Google_Sheets_API_PortType" xmlns:ns12="https://spreadsheets.google.com/feeds"/></ns9:role></ns9:partnerLinkType><ns9:partnerLinkType name="Google_Drive_Hook_PortTypeConsumer"><ns9:role name="Consumer"><ns9:portType name="ns12:Google_Drive_Hook_PortType" xmlns:ns12="https://soa.com"/></ns9:role></ns9:partnerLinkType><ns9:partnerLinkType name="Google_Drive_API.raml_PortTypeConsumer"><ns9:role name="Consumer"><ns9:portType name="ns12:Google_Drive_API.raml_PortType" xmlns:ns12="https://www.googleapis.com/drive/v2"/></ns9:role></ns9:partnerLinkType><ns9:partnerLinkType name="Google_Sheets_API_2_PortTypeConsumer"><ns9:role name="Consumer"><ns9:portType name="ns12:Google_Sheets_API_2_PortType" xmlns:ns12="https://spreadsheets.google.com/feeds"/></ns9:role></ns9:partnerLinkType><partnerLinks><partnerLink myRole="Consumer" name="Activity" partnerLinkType="ns12:ActivityPortTypeConsumer" xmlns:ns12="http://soa.com/processs"/><partnerLink myRole="Consumer" name="Trello_PortTypePartnerLink" partnerLinkType="ns12:Trello_PortTypeConsumer" xmlns:ns12="http://soa.com/processs"/><partnerLink myRole="Consumer" name="Google_Sheets_API_PortTypePartnerLink" partnerLinkType="ns12:Google_Sheets_API_PortTypeConsumer" xmlns:ns12="http://soa.com/processs"/><partnerLink myRole="Consumer" name="Google_Drive_Hook_PortTypePartnerLink" partnerLinkType="ns12:Google_Drive_Hook_PortTypeConsumer" xmlns:ns12="http://soa.com/processs"/><partnerLink myRole="Consumer" name="Google_Drive_API.raml_PortTypePartnerLink" partnerLinkType="ns12:Google_Drive_API.raml_PortTypeConsumer" xmlns:ns12="http://soa.com/processs"/><partnerLink myRole="Consumer" name="Google_Sheets_API_2_PortTypePartnerLink" partnerLinkType="ns12:Google_Sheets_API_2_PortTypeConsumer" xmlns:ns12="http://soa.com/processs"/></partnerLinks><variables><variable messageType="ns12:ActivityMessage" name="message" xmlns:ns12="http://soa.com/process/activity"/><variable messageType="ns12:ActivityMessage" name="fault" xmlns:ns12="http://soa.com/process/activity"/><variable messageType="ns12:ActivityMessage" name="BoardMessage" xmlns:ns12="http://soa.com/process/activity"/><variable messageType="ns12:ActivityMessage" name="BoardMessageResponse" xmlns:ns12="http://soa.com/process/activity"/><variable defaultValue="" name="SpreadsheetName" type="xs:string" xmlns:xs="http://www.w3.org/2001/XMLSchema"/><variable defaultValue="" name="WorksheetKey" type="xs:string" xmlns:xs="http://www.w3.org/2001/XMLSchema"/><variable messageType="ns12:ActivityMessage" name="ListRequest" xmlns:ns12="http://soa.com/process/activity"/><variable messageType="ns12:ActivityMessage" name="ListResponse" xmlns:ns12="http://soa.com/process/activity"/><variable messageType="ns12:ActivityMessage" name="WorksheetRequest" xmlns:ns12="http://soa.com/process/activity"/><variable messageType="ns12:ActivityMessage" name="WorksheetResponse" xmlns:ns12="http://soa.com/process/activity"/><variable defaultValue="" name="TrelloListKey" type="xs:string" xmlns:xs="http://www.w3.org/2001/XMLSchema"/><variable defaultValue="" name="SpreadsheetKey" type="xs:string" xmlns:xs="http://www.w3.org/2001/XMLSchema"/><variable defaultValue="" name="TrelloBoardId" type="xs:string" xmlns:xs="http://www.w3.org/2001/XMLSchema"/><variable messageType="ns12:ActivityMessage" name="SpreadsheetRequest" xmlns:ns12="http://soa.com/process/activity"/><variable messageType="ns12:ActivityMessage" name="SpreadsheetResponse" xmlns:ns12="http://soa.com/process/activity"/></variables><sequence><invoke inputVariable="message" name="CreateMessage" operation="invoke" outputVariable="message" partnerLink="Activity" portType="ns10:ActivityPortType"><ns2:InvocationExt endpoint="CreateMessage" propagateExchange="true" service="ns10:ActivityService"/></invoke><invoke inputVariable="BoardMessage" name="CreateTrelloBoard" operation="POST__boards" outputVariable="BoardMessageResponse" partnerLink="Trello_PortTypePartnerLink" portType="ns12:Trello_PortType" xmlns:ns12="https://api.trello.com/1"><ns2:InvocationExt service="ns13:Trello_Hook" xmlns:ns13="https://api.trello.com/1/g2t/2"><ns2:Audit/></ns2:InvocationExt></invoke><invoke inputVariable="message" name="CreateSpreadsheetQuery" operation="invoke" outputVariable="message" partnerLink="Activity" portType="ns10:ActivityPortType"><ns2:InvocationExt endpoint="CreateSpreadsheetQuery" propagateExchange="true" service="ns10:ActivityService"/></invoke><invoke inputVariable="SpreadsheetRequest" name="GetSpreadsheetId" operation="GET__files" outputVariable="SpreadsheetResponse" partnerLink="Google_Drive_Hook_PortTypePartnerLink" portType="ns12:Google_Drive_Hook_PortType" xmlns:ns12="https://soa.com"><ns2:InvocationExt service="ns13:Google_Drive_Hook" xmlns:ns13="https://hooks.soa.com"><ns2:Audit/></ns2:InvocationExt></invoke><invoke inputVariable="message" name="CreateWorksheetQuery" operation="invoke" outputVariable="message" partnerLink="Activity" portType="ns10:ActivityPortType"><ns2:InvocationExt endpoint="CreateWorksheetQuery" propagateExchange="true" service="ns10:ActivityService"/></invoke><invoke inputVariable="WorksheetRequest" name="GetWorksheetDetails" operation="GET__worksheets__key___visibility___protection_" outputVariable="WorksheetResponse" partnerLink="Google_Sheets_API_2_PortTypePartnerLink" portType="ns12:Google_Sheets_API_2_PortType" xmlns:ns12="https://spreadsheets.google.com/feeds"><ns2:InvocationExt service="ns12:Google_Sheets_API"><ns2:Audit/></ns2:InvocationExt></invoke><invoke inputVariable="message" name="ProcessWorksheets" operation="invoke" outputVariable="message" partnerLink="Activity" portType="ns10:ActivityPortType"><ns2:InvocationExt endpoint="ProcessWorksheets" propagateExchange="true" service="ns10:ActivityService"/></invoke></sequence></process>